,best_fitness,mean_fitness
0,-0.6256281407035176,-0.6068676716917922
1,-0.6256281407035176,-0.6068676716917922
