,best_fitness,mean_fitness
0,-0.6256281407035176,-0.5839195979899497
1,-0.6256281407035176,-0.5839195979899497
