,mutation,strategy,gems,n_cols,overall_best,overall_best_mean,overall_best_std,test_error_best,test_error_mean,test_error_std,better_gems_total,better_gems_mean,worse_gems_total,worse_gems_mean
1,point_mutation,MatchPMStrategy,0,100,-0.9673366834170855,-0.9653266331658291,0.0011236522499999241,-0.9590643274853801,-0.9032163742690056,0.03135479249188048,0,0.0,0,0.0
2,point_mutation,MatchPMStrategy,0,50,-0.9522613065326633,-0.9371859296482412,0.029515929960981707,-0.9298245614035088,-0.8953216374269006,0.026728409080763606,0,0.0,0,0.0
