,best_fitness,mean_fitness
0,-0.6256281407035176,-0.5147403685092128
1,-0.6256281407035176,-0.5147403685092128
